{
  "accuracy": 0.9946645247657295,
  "precision": 0.9948254265313958,
  "recall": 0.9946645247657295,
  "f1": 0.9947308796629527,
  "path_dist": {
    "1": 902395,
    "3": 31354,
    "2": 1
  },
  "avg_latency_s": 0.0001263106192329915,
  "attention_sparsity": 0.023243180428837537
}