{
  "accuracy": 0.9867042387236248,
  "precision": 0.9857142126953042,
  "recall": 0.9867042387236248,
  "f1": 0.9850520938446017,
  "path_dist": {
    "1": 857688,
    "3": 35318,
    "2": 211
  },
  "avg_latency_s": 0.00012651766260855562,
  "attention_sparsity": 0.07124019508753572
}