{
  "accuracy": 0.9870382864792503,
  "precision": 0.9854498145331525,
  "recall": 0.9870382864792503,
  "f1": 0.9856689466354372,
  "path_dist": {
    "1": 898583,
    "3": 34945,
    "2": 222
  },
  "avg_latency_s": 0.0001266661028793276,
  "attention_sparsity": 0.0868494410463377
}